title,Rating,Price
REDWUD Henley Engineered Wood TV Entertainment Unit,4,"₹4,499"
Furnifry Wall Mounted TV Stand for Home/TV Cabinet for ...,3.9,"₹2,178"
SPACEWOOD Engineered Wood TV Entertainment Unit,0,"₹11,314"
SPACEWOOD Engineered Wood TV Entertainment Unit,0,"₹19,748"
CARLTON LONDON Engineered Wood TV Entertainment Unit,3.3,"₹9,614"
CARLTON LONDON Engineered Wood TV Entertainment Unit,4.3,"₹3,790"
Flipkart Perfect Homes Phonox Engineered Wood TV Entert...,4.1,"₹6,190"
Clover Crafts Engineered Wood TV Entertainment Unit,0,"₹1,999"
Home Full Engineered Wood TV Entertainment Unit,4.2,"₹7,590"
Flipkart Perfect Homes Riobo Engineered Wood TV Enterta...,4.1,"₹5,090"
Home Full Bliss Engineered Wood TV Entertainment Unit,4.2,"₹8,540"
VANIYA CRAFTS Engineered Wood TV Entertainment Unit,3.6,₹999
Flipkart Perfect Homes Studio S-Shape TV Unit/Set-Top B...,0,"₹2,796"
Das Konrad Engineered Wood TV Entertainment Unit,4.4,"₹3,201"
Das Ambient Engineered Wood TV Entertainment Unit,4.1,"₹4,048"
Trevi Oliver Stylo Engineered Wood TV Entertainment Uni...,3.3,"₹22,491"
Flipkart Perfect Homes Zouk Engineered Wood TV Entertai...,4.2,"₹5,690"
Furnifry Wooden TV Panel/TV Entertainment Unit with 2 W...,3.8,"₹1,889"
Das Konrad Engineered Wood TV Entertainment Unit,4,"₹3,499"
VANIYA CRAFTS Engineered Wood TV Entertainment Unit,3.6,"₹1,999"
Flipkart Perfect Homes Webster TV Entertainment Unit,4.2,"₹15,990"
Flipkart Perfect Homes Webster Engineered Wood TV Enter...,4.2,"₹17,590"
Flipkart Perfect Homes Sirena Engineered Wood TV Entert...,4.1,"₹7,090"
G Fine Furniture Wooden Standard Tv Stand For Living Ro...,4,"₹18,885"
Furnifry Wall Mounted TV Stand for Home/TV Cabinet for ...,4.1,"₹1,960"
Woodbuzz Engineered Wood TV Entertainment Unit,3.7,"₹2,784"
BLUEWUD Tital Wall Set Top Box Engineered Wood TV Enter...,4.2,₹629
VANIYA CRAFTS Wall Mounted TV Unit / TV Stand for Wall ...,0,₹999
Woodbuzz Engineered Wood TV Entertainment Unit,4.3,"₹13,740"
TADesign Robust Engineered Wood TV Entertainment Unit,4.1,"₹7,498"
Woodbuzz Engineered Wood TV Entertainment Unit,0,"₹9,360"
VANIYA CRAFTS Wall Mounted TV Unit / TV Stand for Wall ...,0,₹999
WoodenTwist Engineered Wood TV Entertainment Unit,4.2,"₹2,150"
Wooden Art & Toys Engineered Wood TV Entertainment Unit,4.1,₹789
Home Full Engineered Wood TV Entertainment Unit,4.2,"₹7,780"
VANIYA CRAFTS Engineered Wood TV Entertainment Unit,3.6,"₹1,999"
Flipkart Perfect Homes Studio Wall Mounted 3 Tier TV Ca...,0,"₹1,973"
BLUEWUD Estoye Engineered Wood TV Entertainment Unit,4.4,"₹3,202"
BLUEWUD Primax Engineered Wood TV Entertainment Unit,4.2,"₹3,569"
Torche Solid Wood TV Entertainment Unit,0,"₹1,349"
